﻿<?xml version="1.0" encoding="utf-8"?>
<customers>
  <customer>
    <id>1</id>
    <name>Jim</name>
    <address>Orlando</address>
  </customer>
  <customer>
    <id>2</id>
    <name>Binnny</name>
    <address>Toronto </address>
  </customer>
  <customer>
    <id>3</id>
    <name>Deepak</name>
    <address>India</address>
  </customer>
  <customer>
    <id>4</id>
    <name>Sourabh</name>
    <address>India</address>
  </customer>
  <customer>
    <id>5</id>
    <name>Snesh</name>
    <address>India</address>
  </customer>
  <customer>
    <id>6</id>
    <name>Steev</name>
    <address>US</address>
  </customer>
  <customer>
    <id>7</id>
    <name>Snesh</name>
    <address>India</address>
  </customer>
  <customer>
    <id>8</id>
    <name>Snesh</name>
    <address>India</address>
  </customer>
</customers>